model,accuracy,recall,precision,f1
logistic_regression,0.9555555555555556,0.9555555555555556,1.0,0.9772727272727273
naive_bayes,0.0,0.0,0.0,0.0
svm,0.4777777777777778,0.4777777777777778,1.0,0.6466165413533834
vote,0.4777777777777778,0.4777777777777778,1.0,0.6466165413533834
