model,accuracy,recall,precision,f1
logistic_regression,0.6333333333333333,0.6333333333333333,1.0,0.7755102040816326
naive_bayes,0.08888888888888889,0.08888888888888889,1.0,0.163265306122449
svm,0.1,0.1,1.0,0.18181818181818182
vote,0.17777777777777778,0.17777777777777778,1.0,0.3018867924528302
